{"cameraMode":{"drawMode":0,"name":"Shaded","section":"Shading Mode"},"sceneLighting":true,"audioPlay":false,"sceneViewState":{"m_AlwaysRefresh":false,"showFog":true,"showSkybox":true,"showFlares":true,"showImageEffects":true,"showParticleSystems":true,"showVisualEffectGraphs":true,"m_FxEnabled":true},"in2DMode":false,"pivot":{"x":88.48503112792969,"y":93.95228576660156,"z":222.22010803222657},"rotation":{"x":0.002427499508485198,"y":-0.9861649870872498,"z":0.16513021290302277,"w":0.014505051076412201},"size":2.7550230026245119,"orthographic":false}