{"cameraMode":{"drawMode":0,"name":"Shaded","section":"Shading Mode"},"sceneLighting":true,"audioPlay":false,"sceneViewState":{"m_AlwaysRefresh":false,"showFog":true,"showSkybox":true,"showFlares":true,"showImageEffects":true,"showParticleSystems":true,"showVisualEffectGraphs":true,"m_FxEnabled":true},"in2DMode":false,"pivot":{"x":520.4237060546875,"y":205.49012756347657,"z":-18.16301918029785},"rotation":{"x":-0.018592113628983499,"y":0.00868509616702795,"z":-0.000005035310095991008,"w":0.999997079372406},"size":387.9122619628906,"orthographic":false}