{"cameraMode":{"drawMode":0,"name":"Shaded","section":"Shading Mode"},"sceneLighting":true,"audioPlay":false,"sceneViewState":{"m_AlwaysRefresh":false,"showFog":true,"showSkybox":true,"showFlares":true,"showImageEffects":true,"showParticleSystems":true,"showVisualEffectGraphs":true,"m_FxEnabled":true},"in2DMode":false,"pivot":{"x":192.04998779296876,"y":148.60848999023438,"z":-1.7514704465866089},"rotation":{"x":-0.21810348331928254,"y":0.6746180653572083,"z":-0.21934044361114503,"w":-0.6705402731895447},"size":0.8660253882408142,"orthographic":false}